Tconst	Title	Date	Rank	Gross	%YD	%LW	Theaters	Per Theater	Total Gross	Days
tt2527336	Star Wars: Episode VIII - The Last Jedi	Dec 14, 2017	P	$45,000,000			0		$45,000,000	
tt2527336	Star Wars: Episode VIII - The Last Jedi	Dec 15, 2017	1	$104,684,491			4,232	$24,736	$104,684,491	1
tt2527336	Star Wars: Episode VIII - The Last Jedi	Dec 16, 2017	1	$63,993,205	-39%		4,232	$15,121	$168,677,696	2
tt2527336	Star Wars: Episode VIII - The Last Jedi	Dec 17, 2017	1	$51,331,888	-20%		4,232	$12,129	$220,009,584	3
tt2527336	Star Wars: Episode VIII - The Last Jedi	Dec 18, 2017	1	$21,556,373	-58%		4,232	$5,094	$241,565,957	4
tt2527336	Star Wars: Episode VIII - The Last Jedi	Dec 19, 2017	1	$20,254,189	-6%		4,232	$4,786	$261,820,146	5
tt2527336	Star Wars: Episode VIII - The Last Jedi	Dec 20, 2017	1	$16,889,863	-17%		4,232	$3,991	$278,710,009	6
tt2527336	Star Wars: Episode VIII - The Last Jedi	Dec 21, 2017	1	$17,892,347	0.06		4,232	$4,228	$296,602,356	7
tt2527336	Star Wars: Episode VIII - The Last Jedi	Dec 22, 2017	1	$24,763,084	0.38	-76%	4,232	$5,851	$321,365,440	8
tt2527336	Star Wars: Episode VIII - The Last Jedi	Dec 23, 2017	1	$29,172,415	0.18	-54%	4,232	$6,893	$350,537,855	9
tt2527336	Star Wars: Episode VIII - The Last Jedi	Dec 24, 2017	1	$17,629,999	-40%	-66%	4,232	$4,166	$368,167,854	10
tt2527336	Star Wars: Episode VIII - The Last Jedi	Dec 25, 2017	1	$27,459,557	0.56	0.27	4,232	$6,489	$395,627,411	11
tt2527336	Star Wars: Episode VIII - The Last Jedi	Dec 26, 2017	1	$27,734,356	0.01	0.37	4,232	$6,553	$423,361,767	12
tt2527336	Star Wars: Episode VIII - The Last Jedi	Dec 27, 2017	1	$21,846,132	-21%	0.29	4,232	$5,162	$445,207,899	13
tt2527336	Star Wars: Episode VIII - The Last Jedi	Dec 28, 2017	1	$19,490,329	-11%	0.09	4,232	$4,605	$464,698,228	14
tt2527336	Star Wars: Episode VIII - The Last Jedi	Dec 29, 2017	1	$19,029,250	-2%	-23%	4,232	$4,497	$483,727,478	15
tt2527336	Star Wars: Episode VIII - The Last Jedi	Dec 30, 2017	1	$19,924,241	0.05	-32%	4,232	$4,708	$503,651,719	16
tt2527336	Star Wars: Episode VIII - The Last Jedi	Dec 31, 2017	1	$13,566,649	-32%	-23%	4,232	$3,206	$517,218,368	17
tt2527336	Star Wars: Episode VIII - The Last Jedi	Jan 1, 2018	2	$14,293,461	0.05	-48%	4,232	$3,377	$531,511,829	18
tt2527336	Star Wars: Episode VIII - The Last Jedi	Jan 2, 2018	2	$7,876,574	-45%	-72%	4,232	$1,861	$539,388,403	19
tt2527336	Star Wars: Episode VIII - The Last Jedi	Jan 3, 2018	2	$5,225,332	-34%	-76%	4,232	$1,235	$544,613,735	20
tt2527336	Star Wars: Episode VIII - The Last Jedi	Jan 4, 2018	2	$4,348,867	-17%	-78%	4,232	$1,028	$548,962,602	21
tt2527336	Star Wars: Episode VIII - The Last Jedi	Jan 5, 2018	3	$6,523,473	0.5	-66%	4,232	$1,541	$555,486,075	22
tt2527336	Star Wars: Episode VIII - The Last Jedi	Jan 6, 2018	3	$10,398,845	0.59	-48%	4,232	$2,457	$565,884,920	23
tt2527336	Star Wars: Episode VIII - The Last Jedi	Jan 7, 2018	2	$6,806,626	-35%	-50%	4,232	$1,608	$572,691,546	24
tt2527336	Star Wars: Episode VIII - The Last Jedi	Jan 8, 2018	2	$1,791,497	-74%	-87%	4,232	$423	$574,483,043	25
tt2527336	Star Wars: Episode VIII - The Last Jedi	Jan 9, 2018	2	$2,368,317	0.32	-70%	4,232	$560	$576,851,360	26
tt2527336	Star Wars: Episode VIII - The Last Jedi	Jan 10, 2018	2	$1,744,275	-26%	-67%	4,232	$412	$578,595,635	27
tt2527336	Star Wars: Episode VIII - The Last Jedi	Jan 11, 2018	2	$1,678,949	-4%	-61%	4,232	$397	$580,274,584	28
tt2527336	Star Wars: Episode VIII - The Last Jedi	Jan 12, 2018	7	$2,670,813	0.59	-59%	3,090	$864	$582,945,397	29
tt2527336	Star Wars: Episode VIII - The Last Jedi	Jan 13, 2018	6	$4,990,298	0.87	-52%	3,090	$1,615	$587,935,695	30
tt2527336	Star Wars: Episode VIII - The Last Jedi	Jan 14, 2018	4	$4,193,370	-16%	-38%	3,090	$1,357	$592,129,065	31
tt2527336	Star Wars: Episode VIII - The Last Jedi	Jan 15, 2018	5	$2,773,240	-34%	0.55	3,090	$897	$594,902,305	32
tt2527336	Star Wars: Episode VIII - The Last Jedi	Jan 16, 2018	5	$1,103,853	-60%	-53%	3,090	$357	$596,006,158	33
tt2527336	Star Wars: Episode VIII - The Last Jedi	Jan 17, 2018	5	$861,084	-22%	-51%	3,090	$279	$596,867,242	34
tt2527336	Star Wars: Episode VIII - The Last Jedi	Jan 18, 2018	5	$851,234	-1%	-49%	3,090	$275	$597,718,476	35
tt2527336	Star Wars: Episode VIII - The Last Jedi	Jan 19, 2018	9	$1,625,633	0.91	-39%	2,456	$662	$599,344,109	36
tt2527336	Star Wars: Episode VIII - The Last Jedi	Jan 20, 2018	7	$3,168,473	0.95	-37%	2,456	$1,290	$602,512,582	37
tt2527336	Star Wars: Episode VIII - The Last Jedi	Jan 21, 2018	7	$1,761,329	-44%	-58%	2,456	$717	$604,273,911	38
tt2527336	Star Wars: Episode VIII - The Last Jedi	Jan 22, 2018	6	$539,120	-69%	-81%	2,456	$220	$604,813,031	39
tt2527336	Star Wars: Episode VIII - The Last Jedi	Jan 23, 2018	7	$676,890	0.26	-39%	2,456	$276	$605,489,921	40
tt2527336	Star Wars: Episode VIII - The Last Jedi	Jan 24, 2018	7	$531,967	-21%	-38%	2,456	$217	$606,021,888	41
tt2527336	Star Wars: Episode VIII - The Last Jedi	Jan 25, 2018	6	$519,933	-2%	-39%	2,456	$212	$606,541,821	42
tt2527336	Star Wars: Episode VIII - The Last Jedi	Jan 26, 2018	13	$954,781	0.84	-41%	1,745	$547	$607,496,602	43
tt2527336	Star Wars: Episode VIII - The Last Jedi	Jan 27, 2018	10	$1,933,603	1.03	-39%	1,745	$1,108	$609,430,205	44
tt2527336	Star Wars: Episode VIII - The Last Jedi	Jan 28, 2018	11	$1,365,617	-29%	-22%	1,745	$783	$610,795,822	45
tt2527336	Star Wars: Episode VIII - The Last Jedi	Jan 29, 2018	11	$322,382	-76%	-40%	1,745	$185	$611,118,204	46
tt2527336	Star Wars: Episode VIII - The Last Jedi	Jan 30, 2018	13	$385,086	0.19	-43%	1,745	$221	$611,503,290	47
tt2527336	Star Wars: Episode VIII - The Last Jedi	Jan 31, 2018	12	$306,959	-20%	-42%	1,745	$176	$611,810,249	48
tt2527336	Star Wars: Episode VIII - The Last Jedi	Feb 1, 2018	11	$306,531	n/c	-41%	1,745	$176	$612,116,780	49
tt2527336	Star Wars: Episode VIII - The Last Jedi	Feb 2, 2018	-	$611,248	0.99	-36%	1,467	$417	$612,728,028	50
tt2527336	Star Wars: Episode VIII - The Last Jedi	Feb 3, 2018	13	$1,231,261	1.01	-36%	1,467	$839	$613,959,289	51
tt2527336	Star Wars: Episode VIII - The Last Jedi	Feb 4, 2018	14	$495,733	-60%	-64%	1,467	$338	$614,455,022	52
tt2527336	Star Wars: Episode VIII - The Last Jedi	Feb 5, 2018	13	$234,836	-53%	-27%	1,467	$160	$614,689,858	53
tt2527336	Star Wars: Episode VIII - The Last Jedi	Feb 6, 2018	14	$279,012	0.19	-28%	1,467	$190	$614,968,870	54
tt2527336	Star Wars: Episode VIII - The Last Jedi	Feb 7, 2018	14	$233,874	-16%	-24%	1,467	$159	$615,202,744	55
tt2527336	Star Wars: Episode VIII - The Last Jedi	Feb 8, 2018	14	$233,535	n/c	-24%	1,467	$159	$615,436,279	56
tt2527336	Star Wars: Episode VIII - The Last Jedi	Feb 9, 2018	-	$302,407	0.29	-51%	830	$364	$615,738,686	57
tt2527336	Star Wars: Episode VIII - The Last Jedi	Feb 10, 2018	-	$643,888	1.13	-48%	830	$776	$616,382,574	58
tt2527336	Star Wars: Episode VIII - The Last Jedi	Feb 11, 2018	-	$451,118	-30%	-9%	830	$544	$616,833,692	59
tt2527336	Star Wars: Episode VIII - The Last Jedi	Feb 12, 2018	-	$142,393	-68%	-39%	830	$172	$616,976,085	60
tt2527336	Star Wars: Episode VIII - The Last Jedi	Feb 13, 2018	-	$140,623	-1%	-50%	830	$169	$617,116,708	61
tt2527336	Star Wars: Episode VIII - The Last Jedi	Feb 14, 2018	-	$202,432	0.44	-13%	830	$244	$617,319,140	62
tt2527336	Star Wars: Episode VIII - The Last Jedi	Feb 15, 2018	-	$103,637	-49%	-56%	830	$125	$617,422,777	63
tt2527336	Star Wars: Episode VIII - The Last Jedi	Feb 16, 2018	-	$132,463	0.28	-56%	351	$377	$617,555,240	64
tt2527336	Star Wars: Episode VIII - The Last Jedi	Feb 17, 2018	-	$263,352	0.99	-59%	351	$750	$617,818,592	65
tt2527336	Star Wars: Episode VIII - The Last Jedi	Feb 18, 2018	-	$221,883	-16%	-51%	351	$632	$618,040,475	66
tt2527336	Star Wars: Episode VIII - The Last Jedi	Feb 19, 2018	-	$158,864	-28%	0.12	351	$453	$618,199,339	67
tt2527336	Star Wars: Episode VIII - The Last Jedi	Feb 20, 2018	-	$65,094	-59%	-54%	351	$185	$618,264,433	68
tt2527336	Star Wars: Episode VIII - The Last Jedi	Feb 21, 2018	-	$58,017	-11%	-71%	351	$165	$618,322,450	69
tt2527336	Star Wars: Episode VIII - The Last Jedi	Feb 22, 2018	-	$53,268	-8%	-49%	351	$152	$618,375,718	70
tt2527336	Star Wars: Episode VIII - The Last Jedi	Feb 23, 2018	-	$84,125	0.58	-36%	292	$288	$618,459,843	71
tt2527336	Star Wars: Episode VIII - The Last Jedi	Feb 24, 2018	-	$159,028	0.89	-40%	292	$545	$618,618,871	72
tt2527336	Star Wars: Episode VIII - The Last Jedi	Feb 25, 2018	-	$109,685	-31%	-51%	292	$376	$618,728,556	73
tt2527336	Star Wars: Episode VIII - The Last Jedi	Feb 26, 2018	-	$31,338	-71%	-80%	292	$107	$618,759,894	74
tt2527336	Star Wars: Episode VIII - The Last Jedi	Feb 27, 2018	-	$35,605	0.14	-45%	292	$122	$618,795,499	75
tt2527336	Star Wars: Episode VIII - The Last Jedi	Feb 28, 2018	-	$34,472	-3%	-41%	292	$118	$618,829,971	76
tt2527336	Star Wars: Episode VIII - The Last Jedi	Mar 1, 2018	-	$33,665	-2%	-37%	292	$115	$618,863,636	77
tt2527336	Star Wars: Episode VIII - The Last Jedi	Mar 2, 2018	-	$62,230	0.85	-26%	221	$282	$618,925,866	78
tt2527336	Star Wars: Episode VIII - The Last Jedi	Mar 3, 2018	-	$120,723	0.94	-24%	221	$546	$619,046,589	79
tt2527336	Star Wars: Episode VIII - The Last Jedi	Mar 4, 2018	-	$69,736	-42%	-36%	221	$316	$619,116,325	80
tt2527336	Star Wars: Episode VIII - The Last Jedi	Mar 5, 2018	-	$24,200	-65%	-23%	221	$110	$619,140,525	81
tt2527336	Star Wars: Episode VIII - The Last Jedi	Mar 6, 2018	-	$26,422	0.09	-26%	221	$120	$619,166,947	82
tt2527336	Star Wars: Episode VIII - The Last Jedi	Mar 7, 2018	-	$27,612	0.05	-20%	221	$125	$619,194,559	83
tt2527336	Star Wars: Episode VIII - The Last Jedi	Mar 8, 2018	-	$23,172	-16%	-31%	221	$105	$619,217,731	84
tt2527336	Star Wars: Episode VIII - The Last Jedi	Mar 9, 2018	-	$66,746	1.88	0.07	246	$271	$619,284,477	85
tt2527336	Star Wars: Episode VIII - The Last Jedi	Mar 10, 2018	-	$122,200	0.83	0.01	246	$497	$619,406,677	86
tt2527336	Star Wars: Episode VIII - The Last Jedi	Mar 11, 2018	-	$76,567	-37%	0.1	246	$311	$619,483,244	87
tt2527336	Star Wars: Episode VIII - The Last Jedi	Mar 12, 2018	-	$32,531	-58%	0.34	246	$132	$619,515,775	88
tt2527336	Star Wars: Episode VIII - The Last Jedi	Mar 13, 2018	-	$36,184	0.11	0.37	246	$147	$619,551,959	89
tt2527336	Star Wars: Episode VIII - The Last Jedi	Mar 14, 2018	-	$33,224	-8%	0.2	246	$135	$619,585,183	90
tt2527336	Star Wars: Episode VIII - The Last Jedi	Mar 15, 2018	-	$31,434	-5%	0.36	246	$128	$619,616,617	91
tt2527336	Star Wars: Episode VIII - The Last Jedi	Mar 16, 2018	-	$50,038	0.59	-25%	211	$237	$619,666,655	92
tt2527336	Star Wars: Episode VIII - The Last Jedi	Mar 17, 2018	-	$75,189	0.5	-38%	211	$356	$619,741,844	93
tt2527336	Star Wars: Episode VIII - The Last Jedi	Mar 18, 2018	-	$49,529	-34%	-35%	211	$235	$619,791,373	94
tt2527336	Star Wars: Episode VIII - The Last Jedi	Mar 19, 2018	-	$17,899	-64%	-45%	211	$85	$619,809,272	95
tt2527336	Star Wars: Episode VIII - The Last Jedi	Mar 20, 2018	-	$18,418	0.03	-49%	211	$87	$619,827,690	96
tt2527336	Star Wars: Episode VIII - The Last Jedi	Mar 21, 2018	-	$17,933	-3%	-46%	211	$85	$619,845,623	97
tt2527336	Star Wars: Episode VIII - The Last Jedi	Mar 22, 2018	-	$20,186	0.13	-36%	211	$96	$619,865,809	98
tt2527336	Star Wars: Episode VIII - The Last Jedi	Mar 23, 2018	-	$29,559	0.46	-41%	150	$197	$619,895,368	99
tt2527336	Star Wars: Episode VIII - The Last Jedi	Mar 24, 2018	-	$44,955	0.52	-40%	150	$300	$619,940,323	100
tt2527336	Star Wars: Episode VIII - The Last Jedi	Mar 25, 2018	-	$27,506	-39%	-44%	150	$183	$619,967,829	101
tt2527336	Star Wars: Episode VIII - The Last Jedi	Mar 26, 2018	-	$14,511	-47%	-19%	150	$97	$619,982,340	102
tt2527336	Star Wars: Episode VIII - The Last Jedi	Mar 27, 2018	-	$16,845	0.16	-9%	150	$112	$619,999,185	103
tt2527336	Star Wars: Episode VIII - The Last Jedi	Mar 28, 2018	-	$14,468	-14%	-19%	150	$96	$620,013,653	104
tt2527336	Star Wars: Episode VIII - The Last Jedi	Mar 29, 2018	-	$17,250	0.19	-15%	150	$115	$620,030,903	105
tt2527336	Star Wars: Episode VIII - The Last Jedi	Mar 30, 2018	-	$27,758	0.61	-6%	109	$255	$620,058,661	106
tt2527336	Star Wars: Episode VIII - The Last Jedi	Mar 31, 2018	-	$26,916	-3%	-40%	109	$247	$620,085,577	107
tt2527336	Star Wars: Episode VIII - The Last Jedi	Apr 1, 2018	-	$12,315	-54%	-55%	109	$113	$620,097,892	108
tt2527336	Star Wars: Episode VIII - The Last Jedi	Apr 2, 2018	-	$8,694	-29%	-40%	109	$80	$620,106,586	109
tt2527336	Star Wars: Episode VIII - The Last Jedi	Apr 3, 2018	-	$7,381	-15%	-56%	109	$68	$620,113,967	110
tt2527336	Star Wars: Episode VIII - The Last Jedi	Apr 4, 2018	-	$6,800	-8%	-53%	109	$62	$620,120,767	111
tt2527336	Star Wars: Episode VIII - The Last Jedi	Apr 5, 2018	-	$10,254	0.51	-41%	109	$94	$620,131,021	112
tt2527336	Star Wars: Episode VIII - The Last Jedi	Apr 6, 2018	-	$11,517	0.12	-59%	61	$189	$620,142,538	113
tt2527336	Star Wars: Episode VIII - The Last Jedi	Apr 7, 2018	-	$14,984	0.3	-44%	61	$246	$620,157,522	114
tt2527336	Star Wars: Episode VIII - The Last Jedi	Apr 8, 2018	-	$7,043	-53%	-43%	61	$115	$620,164,565	115
tt2527336	Star Wars: Episode VIII - The Last Jedi	Apr 9, 2018	-	$1,752	-75%	-80%	61	$29	$620,166,317	116
tt2527336	Star Wars: Episode VIII - The Last Jedi	Apr 10, 2018	-	$2,033	0.16	-72%	61	$33	$620,168,350	117
tt2527336	Star Wars: Episode VIII - The Last Jedi	Apr 11, 2018	-	$1,982	-3%	-71%	61	$32	$620,170,332	118
tt2527336	Star Wars: Episode VIII - The Last Jedi	Apr 12, 2018	-	$2,418	0.22	-76%	61	$40	$620,172,750	119
tt2527336	Star Wars: Episode VIII - The Last Jedi	Apr 13, 2018	-	$1,460	-40%	-87%	28	$52	$620,174,210	120
tt2527336	Star Wars: Episode VIII - The Last Jedi	Apr 14, 2018	-	$2,716	0.86	-82%	28	$97	$620,176,926	121
tt2527336	Star Wars: Episode VIII - The Last Jedi	Apr 15, 2018	-	$1,669	-39%	-76%	28	$60	$620,178,595	122
tt2527336	Star Wars: Episode VIII - The Last Jedi	Apr 16, 2018	-	$621	-63%	-65%	28	$22	$620,179,216	123
tt2527336	Star Wars: Episode VIII - The Last Jedi	Apr 17, 2018	-	$769	0.24	-62%	28	$27	$620,179,985	124
tt2527336	Star Wars: Episode VIII - The Last Jedi	Apr 18, 2018	-	$543	-29%	-73%	28	$19	$620,180,528	125
tt2527336	Star Wars: Episode VIII - The Last Jedi	Apr 19, 2018	-	$854	0.57	-65%	28	$31	$620,181,382	126