Tconst	Title	Date	Rank	Gross	%YD	%LW	Theaters	Per Theater	Total Gross	Days
tt4881806	Jurassic World: Fallen Kingdom	Jun 21, 2018	P	$15,300,000			3,600	$4,250	$15,300,000	
tt4881806	Jurassic World: Fallen Kingdom	Jun 22, 2018	1	$58,566,870			4,475	$13,088	$58,566,870	1
tt4881806	Jurassic World: Fallen Kingdom	Jun 23, 2018	1	$49,701,695	-15%		4,475	$11,107	$108,268,565	2
tt4881806	Jurassic World: Fallen Kingdom	Jun 24, 2018	1	$39,756,045	-20%		4,475	$8,884	$148,024,610	3
tt4881806	Jurassic World: Fallen Kingdom	Jun 25, 2018	1	$14,725,880	-63%		4,475	$3,291	$162,750,490	4
tt4881806	Jurassic World: Fallen Kingdom	Jun 26, 2018	1	$18,390,180	25%		4,475	$4,110	$181,140,670	5
tt4881806	Jurassic World: Fallen Kingdom	Jun 27, 2018	1	$12,271,855	-33%		4,475	$2,742	$193,412,525	6
tt4881806	Jurassic World: Fallen Kingdom	Jun 28, 2018	1	$11,374,810	-7%		4,475	$2,542	$204,787,335	7
tt4881806	Jurassic World: Fallen Kingdom	Jun 29, 2018	1	$17,374,160	0.53	-70%	4,485	$3,874	$222,161,495	8
tt4881806	Jurassic World: Fallen Kingdom	Jun 30, 2018	1	$23,831,155	0.37	-52%	4,485	$5,314	$245,992,650	9
tt4881806	Jurassic World: Fallen Kingdom	Jul 1, 2018	1	$19,706,880	-17%	-50%	4,485	$4,394	$265,699,530	10
tt4881806	Jurassic World: Fallen Kingdom	Jul 2, 2018	1	$8,580,225	-56%	-42%	4,485	$1,913	$274,279,755	11
tt4881806	Jurassic World: Fallen Kingdom	Jul 3, 2018	1	$11,891,170	0.39	-35%	4,485	$2,651	$286,170,925	12
tt4881806	Jurassic World: Fallen Kingdom	Jul 4, 2018	1	$11,501,395	-3%	-6%	4,485	$2,564	$297,672,320	13
tt4881806	Jurassic World: Fallen Kingdom	Jul 5, 2018	2	$7,085,345	-38%	-38%	4,485	$1,580	$304,757,665	14
tt4881806	Jurassic World: Fallen Kingdom	Jul 6, 2018	3	$9,173,610	29%	-47%	4,349	$2,109	$313,931,275	15
tt4881806	Jurassic World: Fallen Kingdom	Jul 7, 2018	2	$11,024,365	0.2	-54%	4,349	$2,535	$324,955,640	16
tt4881806	Jurassic World: Fallen Kingdom	Jul 8, 2018	2	$8,434,400	-23%	-57%	4,349	$1,939	$333,390,040	17
tt4881806	Jurassic World: Fallen Kingdom	Jul 9, 2018	3	$3,361,050	-60%	-61%	4,349	$773	$336,751,090	18
tt4881806	Jurassic World: Fallen Kingdom	Jul 10, 2018	3	$4,921,340	46%	-59%	4,349	$1,132	$341,672,430	19
tt4881806	Jurassic World: Fallen Kingdom	Jul 11, 2018	3	$3,241,425	-34%	-72%	4,349	$745	$344,913,855	20
tt4881806	Jurassic World: Fallen Kingdom	Jul 12, 2018	3	$2,868,360	-12%	-60%	4,349	$660	$347,782,215	21
tt4881806	Jurassic World: Fallen Kingdom	Jul 13, 2018	5	$4,640,445	0.62	-49%	3,695	$1,256	$352,422,660	22
tt4881806	Jurassic World: Fallen Kingdom	Jul 14, 2018	4	$6,642,960	0.43	-40%	3,695	$1,798	$359,065,620	23
tt4881806	Jurassic World: Fallen Kingdom	Jul 15, 2018	5	$4,916,025	-26%	-42%	3,695	$1,330	$363,981,645	24
tt4881806	Jurassic World: Fallen Kingdom	Jul 16, 2018	5	$2,062,420	-58%	-39%	3,695	$558	$366,044,065	25
tt4881806	Jurassic World: Fallen Kingdom	Jul 17, 2018	5	$2,986,000	0.45	-39%	3,695	$808	$369,030,065	26
tt4881806	Jurassic World: Fallen Kingdom	Jul 18, 2018	5	$2,010,810	-33%	-38%	3,695	$544	$371,040,875	27
tt4881806	Jurassic World: Fallen Kingdom	Jul 19, 2018	5	$1,860,630	-7%	-35%	3,695	$504	$372,901,505	28
tt4881806	Jurassic World: Fallen Kingdom	Jul 20, 2018	7	$3,052,630	0.64	-34%	3,381	$903	$375,954,135	29
tt4881806	Jurassic World: Fallen Kingdom	Jul 21, 2018	6	$4,590,495	0.5	-31%	3,381	$1,358	$380,544,630	30
tt4881806	Jurassic World: Fallen Kingdom	Jul 22, 2018	6	$3,620,295	-21%	-26%	3,381	$1,071	$384,164,925	31
tt4881806	Jurassic World: Fallen Kingdom	Jul 23, 2018	6	$1,558,275	-57%	-24%	3,381	$461	$385,723,200	32
tt4881806	Jurassic World: Fallen Kingdom	Jul 24, 2018	7	$2,104,030	35%	-30%	3,381	$622	$387,827,230	33
tt4881806	Jurassic World: Fallen Kingdom	Jul 25, 2018	6	$1,598,420	-24%	-21%	3,381	$473	$389,425,650	34
tt4881806	Jurassic World: Fallen Kingdom	Jul 26, 2018	6	$1,352,850	-15%	-27%	3,381	$400	$390,778,500	35
tt4881806	Jurassic World: Fallen Kingdom	Jul 27, 2018	8	$1,956,140	0.45	-36%	2,685	$729	$392,734,640	36
tt4881806	Jurassic World: Fallen Kingdom	Jul 28, 2018	8	$2,738,970	0.4	-40%	2,685	$1,020	$395,473,610	37
tt4881806	Jurassic World: Fallen Kingdom	Jul 29, 2018	8	$2,034,625	-26%	-44%	2,685	$758	$397,508,235	38
tt4881806	Jurassic World: Fallen Kingdom	Jul 30, 2018	8	$930,910	-54%	-40%	2,685	$347	$398,439,145	39
tt4881806	Jurassic World: Fallen Kingdom	Jul 31, 2018	8	$1,324,985	0.42	-37%	2,685	$493	$399,764,130	40
tt4881806	Jurassic World: Fallen Kingdom	Aug 1, 2018	8	$1,024,875	-23%	-36%	2,685	$382	$400,789,005	41
tt4881806	Jurassic World: Fallen Kingdom	Aug 2, 2018	8	$819,070	-20%	-39%	2,685	$305	$401,608,075	42
tt4881806	Jurassic World: Fallen Kingdom	Aug 3, 2018	11	$1,118,705	0.37	-43%	1,914	$584	$402,726,780	43
tt4881806	Jurassic World: Fallen Kingdom	Aug 4, 2018	11	$1,652,935	0.48	-40%	1,914	$864	$404,379,715	44
tt4881806	Jurassic World: Fallen Kingdom	Aug 5, 2018	11	$1,185,095	-28%	-42%	1,914	$619	$405,564,810	45
tt4881806	Jurassic World: Fallen Kingdom	Aug 6, 2018	11	$581,270	-51%	-38%	1,914	$304	$406,146,080	46
tt4881806	Jurassic World: Fallen Kingdom	Aug 7, 2018	11	$710,865	0.22	-46%	1,914	$371	$406,856,945	47
tt4881806	Jurassic World: Fallen Kingdom	Aug 8, 2018	13	$465,235	-35%	-55%	1,914	$243	$407,322,180	48
tt4881806	Jurassic World: Fallen Kingdom	Aug 9, 2018	12	$347,765	-25%	-58%	1,914	$182	$407,669,945	49
tt4881806	Jurassic World: Fallen Kingdom	Aug 10, 2018	14	$541,940	0.56	-52%	1,237	$438	$408,211,885	50
tt4881806	Jurassic World: Fallen Kingdom	Aug 11, 2018	14	$852,420	0.57	-48%	1,237	$689	$409,064,305	51
tt4881806	Jurassic World: Fallen Kingdom	Aug 12, 2018	15	$592,170	-31%	-50%	1,237	$479	$409,656,475	52
tt4881806	Jurassic World: Fallen Kingdom	Aug 13, 2018	-	$242,565	-59%	-58%	1,237	$196	$409,899,040	53
tt4881806	Jurassic World: Fallen Kingdom	Aug 14, 2018	15	$340,870	0.41	-52%	1,237	$276	$410,239,910	54
tt4881806	Jurassic World: Fallen Kingdom	Aug 15, 2018	15	$191,375	-44%	-59%	1,237	$155	$410,431,285	55
tt4881806	Jurassic World: Fallen Kingdom	Aug 16, 2018	14	$166,080	-13%	-52%	1,237	$134	$410,597,365	56
tt4881806	Jurassic World: Fallen Kingdom	Aug 17, 2018	15	$307,035	0.85	-43%	814	$377	$410,904,400	57
tt4881806	Jurassic World: Fallen Kingdom	Aug 18, 2018	15	$521,020	0.7	-39%	814	$640	$411,425,420	58
tt4881806	Jurassic World: Fallen Kingdom	Aug 19, 2018	15	$329,325	-37%	-44%	814	$405	$411,754,745	59
tt4881806	Jurassic World: Fallen Kingdom	Aug 20, 2018	-	$118,760	-64%	-51%	814	$146	$411,873,505	60
tt4881806	Jurassic World: Fallen Kingdom	Aug 21, 2018	-	$174,945	47%	-49%	814	$215	$412,048,450	61
tt4881806	Jurassic World: Fallen Kingdom	Aug 22, 2018	-	$123,200	-30%	-36%	814	$151	$412,171,650	62
tt4881806	Jurassic World: Fallen Kingdom	Aug 23, 2018	15	$97,045	-21%	-42%	814	$119	$412,268,695	63
tt4881806	Jurassic World: Fallen Kingdom	Aug 24, 2018	-	$193,525	0.99	-37%	608	$318	$412,462,220	64
tt4881806	Jurassic World: Fallen Kingdom	Aug 25, 2018	-	$344,240	0.78	-34%	608	$566	$412,806,460	65
tt4881806	Jurassic World: Fallen Kingdom	Aug 26, 2018	-	$203,845	-41%	-38%	608	$335	$413,010,305	66
tt4881806	Jurassic World: Fallen Kingdom	Aug 27, 2018	-	$70,475	-65%	-41%	608	$116	$413,080,780	67
tt4881806	Jurassic World: Fallen Kingdom	Aug 28, 2018	-	$88,225	25%	-50%	608	$145	$413,169,005	68
tt4881806	Jurassic World: Fallen Kingdom	Aug 29, 2018	-	$61,065	-31%	-50%	608	$100	$413,230,070	69
tt4881806	Jurassic World: Fallen Kingdom	Aug 30, 2018	-	$55,070	-10%	-43%	608	$91	$413,285,140	70
tt4881806	Jurassic World: Fallen Kingdom	Aug 31, 2018	-	$326,280	4.92	69%	1,556	$210	$413,611,420	71
tt4881806	Jurassic World: Fallen Kingdom	Sep 1, 2018	-	$593,465	0.82	72%	1,556	$381	$414,204,885	72
tt4881806	Jurassic World: Fallen Kingdom	Sep 2, 2018	-	$612,145	3%	200%	1,556	$393	$414,817,030	73
tt4881806	Jurassic World: Fallen Kingdom	Sep 3, 2018	-	$393,440	-36%	458%	1,556	$253	$415,210,470	74
tt4881806	Jurassic World: Fallen Kingdom	Sep 4, 2018	-	$107,540	-73%	22%	1,556	$69	$415,318,010	75
tt4881806	Jurassic World: Fallen Kingdom	Sep 5, 2018	-	$74,510	-31%	22%	1,556	$48	$415,392,520	76
tt4881806	Jurassic World: Fallen Kingdom	Sep 6, 2018	-	$47,335	-36%	-14%	1,556	$30	$415,439,855	77
tt4881806	Jurassic World: Fallen Kingdom	Sep 7, 2018	-	$97,320	1.06	-70%	579	$168	$415,537,175	78
tt4881806	Jurassic World: Fallen Kingdom	Sep 8, 2018	-	$216,845	1.23	-63%	579	$375	$415,754,020	79
tt4881806	Jurassic World: Fallen Kingdom	Sep 9, 2018	-	$119,015	-45%	-81%	579	$206	$415,873,035	80
tt4881806	Jurassic World: Fallen Kingdom	Sep 10, 2018	-	$30,800	-74%	-92%	579	$53	$415,903,835	81
tt4881806	Jurassic World: Fallen Kingdom	Sep 11, 2018	-	$43,100	0.4	-60%	579	$74	$415,946,935	82
tt4881806	Jurassic World: Fallen Kingdom	Sep 12, 2018	-	$29,015	-33%	-61%	579	$50	$415,975,950	83
tt4881806	Jurassic World: Fallen Kingdom	Sep 13, 2018	-	$24,130	-17%	-49%	579	$42	$416,000,080	84
tt4881806	Jurassic World: Fallen Kingdom	Sep 14, 2018	-	$76,215	2.16	-22%	320	$238	$416,076,295	85
tt4881806	Jurassic World: Fallen Kingdom	Sep 15, 2018	-	$135,690	0.78	-37%	320	$424	$416,211,985	86
tt4881806	Jurassic World: Fallen Kingdom	Sep 16, 2018	-	$80,255	-41%	-33%	320	$251	$416,292,240	87
tt4881806	Jurassic World: Fallen Kingdom	Sep 17, 2018	-	$19,870	-75%	-35%	320	$62	$416,312,110	88
tt4881806	Jurassic World: Fallen Kingdom	Sep 18, 2018	-	$27,020	0.36	-37%	320	$84	$416,339,130	89
tt4881806	Jurassic World: Fallen Kingdom	Sep 19, 2018	-	$20,455	-24%	-30%	320	$64	$416,359,585	90
tt4881806	Jurassic World: Fallen Kingdom	Sep 20, 2018	-	$17,030	-17%	-29%	320	$53	$416,376,615	91
tt4881806	Jurassic World: Fallen Kingdom	Sep 21, 2018	-	$47,880	1.81	-37%	229	$209	$416,424,495	92
tt4881806	Jurassic World: Fallen Kingdom	Sep 22, 2018	-	$95,160	0.99	-30%	229	$416	$416,519,655	93
tt4881806	Jurassic World: Fallen Kingdom	Sep 23, 2018	-	$52,005	-45%	-35%	229	$227	$416,571,660	94
tt4881806	Jurassic World: Fallen Kingdom	Sep 24, 2018	-	$12,130	-77%	-39%	229	$53	$416,583,790	95
tt4881806	Jurassic World: Fallen Kingdom	Sep 25, 2018	-	$15,750	0.3	-42%	229	$69	$416,599,540	96
tt4881806	Jurassic World: Fallen Kingdom	Sep 26, 2018	-	$11,985	-24%	-41%	229	$52	$416,611,525	97
tt4881806	Jurassic World: Fallen Kingdom	Sep 27, 2018	-	$10,620	-11%	-38%	229	$46	$416,622,145	98
tt4881806	Jurassic World: Fallen Kingdom	Sep 28, 2018	-	$28,520	1.69	-40%	162	$176	$416,650,665	99
tt4881806	Jurassic World: Fallen Kingdom	Sep 29, 2018	-	$55,350	0.94	-42%	162	$342	$416,706,015	100
tt4881806	Jurassic World: Fallen Kingdom	Sep 30, 2018	-	$30,635	-45%	-41%	162	$189	$416,736,650	101
tt4881806	Jurassic World: Fallen Kingdom	Oct 1, 2018	-	$7,030	-77%	-42%	162	$43	$416,743,680	102
tt4881806	Jurassic World: Fallen Kingdom	Oct 2, 2018	-	$8,535	0.21	-46%	162	$53	$416,752,215	103
tt4881806	Jurassic World: Fallen Kingdom	Oct 3, 2018	-	$7,750	-9%	-35%	162	$48	$416,759,965	104
tt4881806	Jurassic World: Fallen Kingdom	Oct 4, 2018	-	$9,380	0.21	-12%	162	$58	$416,769,345	105