Tconst	Title	Date	Rank	Gross	%YD	%LW	Theaters	Per Theater	Total Gross	Days
tt1201607	Harry Potter and the Deathly Hallows: Part II	July 14, 2011	P	$43,500,000			0		$43,500,000	
tt1201607	Harry Potter and the Deathly Hallows: Part II	July 15, 2011	1	$91,071,119			4,375	$20,816	$91,071,119	1
tt1201607	Harry Potter and the Deathly Hallows: Part II	July 16, 2011	1	$42,414,346	-53%		4,375	$9,695	$133,485,465	2
tt1201607	Harry Potter and the Deathly Hallows: Part II	July 17, 2011	1	$35,703,962	-16%		4,375	$8,161	$169,189,427	3
tt1201607	Harry Potter and the Deathly Hallows: Part II	July 18, 2011	1	$18,043,081	-49%		4,375	$4,124	$187,232,508	4
tt1201607	Harry Potter and the Deathly Hallows: Part II	July 19, 2011	1	$15,388,166	-15%		4,375	$3,517	$202,620,674	5
tt1201607	Harry Potter and the Deathly Hallows: Part II	July 20, 2011	1	$12,267,217	-20%		4,375	$2,804	$214,887,891	6
tt1201607	Harry Potter and the Deathly Hallows: Part II	July 21, 2011	1	$11,229,178	-8%		4,375	$2,567	$226,117,069	7
tt1201607	Harry Potter and the Deathly Hallows: Part II	July 22, 2011	2	$14,554,115	0.3	-84%	4,375	$3,327	$240,671,184	8
tt1201607	Harry Potter and the Deathly Hallows: Part II	July 23, 2011	2	$18,263,532	25%	-57%	4,375	$4,175	$258,934,716	9
tt1201607	Harry Potter and the Deathly Hallows: Part II	July 24, 2011	2	$14,604,565	-20%	-59%	4,375	$3,338	$273,539,281	10
tt1201607	Harry Potter and the Deathly Hallows: Part II	July 25, 2011	2	$6,477,328	-56%	-64%	4,375	$1,481	$280,016,609	11
tt1201607	Harry Potter and the Deathly Hallows: Part II	July 26, 2011	2	$6,479,276	n/c	-58%	4,375	$1,481	$286,495,885	12
tt1201607	Harry Potter and the Deathly Hallows: Part II	July 27, 2011	2	$5,166,469	-20%	-58%	4,375	$1,181	$291,662,354	13
tt1201607	Harry Potter and the Deathly Hallows: Part II	July 28, 2011	2	$4,872,155	-6%	-57%	4,375	$1,114	$296,534,509	14
tt1201607	Harry Potter and the Deathly Hallows: Part II	July 29, 2011	5	$6,557,953	0.35	-55%	4,145	$1,582	$303,092,462	15
tt1201607	Harry Potter and the Deathly Hallows: Part II	July 30, 2011	4	$8,457,011	29%	-54%	4,145	$2,040	$311,549,473	16
tt1201607	Harry Potter and the Deathly Hallows: Part II	July 31, 2011	4	$6,962,129	-18%	-52%	4,145	$1,680	$318,511,602	17
tt1201607	Harry Potter and the Deathly Hallows: Part II	August 1, 2011	4	$3,328,240	-52%	-49%	4,145	$803	$321,839,842	18
tt1201607	Harry Potter and the Deathly Hallows: Part II	August 2, 2011	4	$3,299,364	-1%	-49%	4,145	$796	$325,139,206	19
tt1201607	Harry Potter and the Deathly Hallows: Part II	August 3, 2011	4	$2,886,480	-13%	-44%	4,145	$696	$328,025,686	20
tt1201607	Harry Potter and the Deathly Hallows: Part II	August 4, 2011	4	$2,615,328	-9%	-46%	4,145	$631	$330,641,014	21
tt1201607	Harry Potter and the Deathly Hallows: Part II	August 5, 2011	7	$3,374,111	0.29	-49%	3,175	$1,063	$334,015,125	22
tt1201607	Harry Potter and the Deathly Hallows: Part II	August 6, 2011	6	$4,834,999	43%	-43%	3,175	$1,523	$338,850,124	23
tt1201607	Harry Potter and the Deathly Hallows: Part II	August 7, 2011	4	$4,235,921	-12%	-39%	3,175	$1,334	$343,086,045	24
tt1201607	Harry Potter and the Deathly Hallows: Part II	August 8, 2011	3	$1,804,337	-57%	-46%	3,175	$568	$344,890,382	25
tt1201607	Harry Potter and the Deathly Hallows: Part II	August 9, 2011	3	$2,011,238	11%	-39%	3,175	$633	$346,901,620	26
tt1201607	Harry Potter and the Deathly Hallows: Part II	August 10, 2011	4	$1,662,317	-17%	-42%	3,175	$524	$348,563,937	27
tt1201607	Harry Potter and the Deathly Hallows: Part II	August 11, 2011	4	$1,522,004	-8%	-42%	3,175	$479	$350,085,941	28
tt1201607	Harry Potter and the Deathly Hallows: Part II	Aug 12, 2011	11	$1,860,231	0.22	-45%	2,414	$771	$351,946,172	29
tt1201607	Harry Potter and the Deathly Hallows: Part II	Aug 13, 2011	8	$2,761,878	48%	-43%	2,414	$1,144	$354,708,050	30
tt1201607	Harry Potter and the Deathly Hallows: Part II	Aug 14, 2011	6	$2,629,305	-5%	-38%	2,414	$1,089	$357,337,355	31
tt1201607	Harry Potter and the Deathly Hallows: Part II	Aug 15, 2011	6	$1,158,055	-56%	-36%	2,414	$480	$358,495,410	32
tt1201607	Harry Potter and the Deathly Hallows: Part II	Aug 16, 2011	7	$1,142,368	-1%	-43%	2,414	$473	$359,637,778	33
tt1201607	Harry Potter and the Deathly Hallows: Part II	Aug 17, 2011	6	$927,487	-19%	-44%	2,414	$384	$360,565,265	34
tt1201607	Harry Potter and the Deathly Hallows: Part II	Aug 18, 2011	6	$931,224	n/c	-39%	2,414	$386	$361,496,489	35
tt1201607	Harry Potter and the Deathly Hallows: Part II	Aug 19, 2011	13	$1,186,340	0.27	-36%	1,738	$683	$362,682,829	36
tt1201607	Harry Potter and the Deathly Hallows: Part II	Aug 20, 2011	12	$1,777,484	50%	-36%	1,738	$1,023	$364,460,313	37
tt1201607	Harry Potter and the Deathly Hallows: Part II	Aug 21, 2011	9	$1,547,587	-13%	-41%	1,738	$890	$366,007,900	38
tt1201607	Harry Potter and the Deathly Hallows: Part II	Aug 22, 2011	9	$594,218	-62%	-49%	1,738	$342	$366,602,118	39
tt1201607	Harry Potter and the Deathly Hallows: Part II	Aug 23, 2011	11	$601,241	1%	-47%	1,738	$346	$367,203,359	40
tt1201607	Harry Potter and the Deathly Hallows: Part II	Aug 24, 2011	10	$508,281	-15%	-45%	1,738	$292	$367,711,640	41
tt1201607	Harry Potter and the Deathly Hallows: Part II	Aug 25, 2011	10	$529,052	4%	-43%	1,738	$304	$368,240,692	42
tt1201607	Harry Potter and the Deathly Hallows: Part II	Aug 26, 2011	14	$688,882	0.3	-42%	1,328	$519	$368,929,574	43
tt1201607	Harry Potter and the Deathly Hallows: Part II	Aug 27, 2011	13	$1,029,439	0.49	-42%	1,328	$775	$369,959,013	44
tt1201607	Harry Potter and the Deathly Hallows: Part II	Aug 28, 2011	10	$846,049	-18%	-45%	1,328	$637	$370,805,062	45
tt1201607	Harry Potter and the Deathly Hallows: Part II	Aug 29, 2011	12	$358,175	-58%	-40%	1,328	$270	$371,163,237	46
tt1201607	Harry Potter and the Deathly Hallows: Part II	Aug 30, 2011	13	$372,195	4%	-38%	1,328	$280	$371,535,432	47
tt1201607	Harry Potter and the Deathly Hallows: Part II	Aug 31, 2011	13	$309,457	-17%	-39%	1,328	$233	$371,844,889	48
tt1201607	Harry Potter and the Deathly Hallows: Part II	Sep 1, 2011	12	$306,094	-1%	-42%	1,328	$230	$372,150,983	49
tt1201607	Harry Potter and the Deathly Hallows: Part II	Sep 2, 2011	12	$559,787	0.83	-19%	1,092	$513	$372,710,770	50
tt1201607	Harry Potter and the Deathly Hallows: Part II	Sep 3, 2011	12	$904,246	62%	-12%	1,092	$828	$373,615,016	51
tt1201607	Harry Potter and the Deathly Hallows: Part II	Sep 4, 2011	12	$1,008,568	12%	19%	1,092	$924	$374,623,584	52
tt1201607	Harry Potter and the Deathly Hallows: Part II	Sep 5, 2011	12	$928,509	-8%	159%	1,092	$850	$375,552,093	53
tt1201607	Harry Potter and the Deathly Hallows: Part II	Sep 6, 2011	12	$203,305	-78%	-45%	1,092	$186	$375,755,398	54
tt1201607	Harry Potter and the Deathly Hallows: Part II	Sep 7, 2011	10	$179,469	-12%	-42%	1,092	$164	$375,934,867	55
tt1201607	Harry Potter and the Deathly Hallows: Part II	Sep 8, 2011	10	$168,234	-6%	-45%	1,092	$154	$376,103,101	56
tt1201607	Harry Potter and the Deathly Hallows: Part II	Sep 9, 2011	16	$264,292	0.57	-53%	810	$326	$376,367,393	57
tt1201607	Harry Potter and the Deathly Hallows: Part II	Sep 10, 2011	16	$449,807	70%	-50%	810	$555	$376,817,200	58
tt1201607	Harry Potter and the Deathly Hallows: Part II	Sep 11, 2011	16	$287,484	-36%	-71%	810	$355	$377,104,684	59
tt1201607	Harry Potter and the Deathly Hallows: Part II	Sep 12, 2011	14	$86,245	-70%	-91%	810	$106	$377,190,929	60
tt1201607	Harry Potter and the Deathly Hallows: Part II	Sep 13, 2011	14	$99,182	15%	-51%	810	$122	$377,290,111	61
tt1201607	Harry Potter and the Deathly Hallows: Part II	Sep 14, 2011	14	$92,239	-7%	-49%	810	$114	$377,382,350	62
tt1201607	Harry Potter and the Deathly Hallows: Part II	Sep 15, 2011	14	$97,773	6%	-42%	810	$121	$377,480,123	63
tt1201607	Harry Potter and the Deathly Hallows: Part II	Sep 16, 2011	-	$180,393	0.85	-32%	601	$300	$377,660,516	64
tt1201607	Harry Potter and the Deathly Hallows: Part II	Sep 17, 2011	-	$314,228	0.74	-30%	601	$523	$377,974,744	65
tt1201607	Harry Potter and the Deathly Hallows: Part II	Sep 18, 2011	-	$205,877	-34%	-28%	601	$343	$378,180,621	66
tt1201607	Harry Potter and the Deathly Hallows: Part II	Sep 19, 2011	-	$59,705	-71%	-31%	601	$99	$378,240,326	67
tt1201607	Harry Potter and the Deathly Hallows: Part II	Sep 20, 2011	-	$64,681	0.08	-35%	601	$108	$378,305,007	68
tt1201607	Harry Potter and the Deathly Hallows: Part II	Sep 21, 2011	-	$61,047	-6%	-34%	601	$102	$378,366,054	69
tt1201607	Harry Potter and the Deathly Hallows: Part II	Sep 22, 2011	-	$70,814	16%	-28%	601	$118	$378,436,868	70
tt1201607	Harry Potter and the Deathly Hallows: Part II	Sep 23, 2011	-	$96,808	0.37	-46%	320	$303	$378,533,676	71
tt1201607	Harry Potter and the Deathly Hallows: Part II	Sep 24, 2011	-	$175,367	0.81	-44%	320	$548	$378,709,043	72
tt1201607	Harry Potter and the Deathly Hallows: Part II	Sep 25, 2011	-	$115,273	-34%	-44%	320	$360	$378,824,316	73
tt1201607	Harry Potter and the Deathly Hallows: Part II	Sep 26, 2011	-	$34,582	-70%	-42%	320	$108	$378,858,898	74
tt1201607	Harry Potter and the Deathly Hallows: Part II	Sep 27, 2011	-	$36,011	0.04	-44%	320	$113	$378,894,909	75
tt1201607	Harry Potter and the Deathly Hallows: Part II	Sep 28, 2011	-	$35,851	n/c	-41%	320	$112	$378,930,760	76
tt1201607	Harry Potter and the Deathly Hallows: Part II	Sep 29, 2011	-	$41,587	16%	-41%	320	$130	$378,972,347	77
tt1201607	Harry Potter and the Deathly Hallows: Part II	Sep 30, 2011	-	$69,432	0.67	-28%	252	$276	$379,041,779	78
tt1201607	Harry Potter and the Deathly Hallows: Part II	Oct 1, 2011	-	$125,405	0.81	-28%	252	$498	$379,167,184	79
tt1201607	Harry Potter and the Deathly Hallows: Part II	Oct 2, 2011	-	$78,426	-37%	-32%	252	$311	$379,245,610	80
tt1201607	Harry Potter and the Deathly Hallows: Part II	Oct 3, 2011	-	$23,144	-70%	-33%	252	$92	$379,268,754	81
tt1201607	Harry Potter and the Deathly Hallows: Part II	Oct 4, 2011	-	$24,831	0.07	-31%	252	$99	$379,293,585	82
tt1201607	Harry Potter and the Deathly Hallows: Part II	Oct 5, 2011	-	$24,335	-2%	-32%	252	$97	$379,317,920	83
tt1201607	Harry Potter and the Deathly Hallows: Part II	Oct 6, 2011	-	$26,966	0.11	-35%	252	$107	$379,344,886	84
tt1201607	Harry Potter and the Deathly Hallows: Part II	Oct 7, 2011	-	$112,169	3.16	62%	407	$276	$379,457,055	85
tt1201607	Harry Potter and the Deathly Hallows: Part II	Oct 8, 2011	-	$169,473	0.51	35%	407	$416	$379,626,528	86
tt1201607	Harry Potter and the Deathly Hallows: Part II	Oct 9, 2011	-	$124,219	-27%	58%	407	$305	$379,750,747	87
tt1201607	Harry Potter and the Deathly Hallows: Part II	Oct 10, 2011	-	$65,563	-47%	1.83	407	$161	$379,816,310	88
tt1201607	Harry Potter and the Deathly Hallows: Part II	Oct 11, 2011	-	$46,550	-29%	87%	407	$114	$379,862,860	89
tt1201607	Harry Potter and the Deathly Hallows: Part II	Oct 12, 2011	-	$40,499	-13%	66%	407	$100	$379,903,359	90
tt1201607	Harry Potter and the Deathly Hallows: Part II	Oct 13, 2011	-	$47,493	17%	76%	407	$117	$379,950,852	91
tt1201607	Harry Potter and the Deathly Hallows: Part II	Oct 14, 2011	-	$81,761	0.72	-27%	330	$248	$380,032,613	92
tt1201607	Harry Potter and the Deathly Hallows: Part II	Oct 15, 2011	-	$122,797	0.5	-28%	330	$372	$380,155,410	93
tt1201607	Harry Potter and the Deathly Hallows: Part II	Oct 16, 2011	-	$79,990	-35%	-36%	330	$242	$380,235,400	94
tt1201607	Harry Potter and the Deathly Hallows: Part II	Oct 17, 2011	-	$24,797	-69%	-62%	330	$75	$380,260,197	95
tt1201607	Harry Potter and the Deathly Hallows: Part II	Oct 18, 2011	-	$28,661	0.16	-38%	330	$87	$380,288,858	96
tt1201607	Harry Potter and the Deathly Hallows: Part II	Oct 19, 2011	-	$27,801	-3%	-31%	330	$84	$380,316,659	97
tt1201607	Harry Potter and the Deathly Hallows: Part II	Oct 20, 2011	-	$33,978	0.22	-28%	330	$103	$380,350,637	98
tt1201607	Harry Potter and the Deathly Hallows: Part II	Oct 21, 2011	-	$55,204	0.62	-32%	240	$230	$380,405,841	99
tt1201607	Harry Potter and the Deathly Hallows: Part II	Oct 22, 2011	-	$78,225	0.42	-36%	240	$326	$380,484,066	100
tt1201607	Harry Potter and the Deathly Hallows: Part II	Oct 23, 2011	-	$47,361	-39%	-41%	240	$197	$380,531,427	101
tt1201607	Harry Potter and the Deathly Hallows: Part II	Oct 24, 2011	-	$14,977	-68%	-40%	240	$62	$380,546,404	102
tt1201607	Harry Potter and the Deathly Hallows: Part II	Oct 25, 2011	-	$16,074	0.07	-44%	240	$67	$380,562,478	103
tt1201607	Harry Potter and the Deathly Hallows: Part II	Oct 26, 2011	-	$15,753	-2%	-43%	240	$66	$380,578,231	104
tt1201607	Harry Potter and the Deathly Hallows: Part II	Oct 27, 2011	-	$18,323	16%	-46%	240	$76	$380,596,554	105
tt1201607	Harry Potter and the Deathly Hallows: Part II	Oct 28, 2011	-	$30,342	0.66	-45%	163	$186	$380,626,896	106
tt1201607	Harry Potter and the Deathly Hallows: Part II	Oct 29, 2011	-	$49,253	0.62	-37%	163	$302	$380,676,149	107
tt1201607	Harry Potter and the Deathly Hallows: Part II	Oct 30, 2011	-	$31,555	-36%	-33%	163	$194	$380,707,704	108
tt1201607	Harry Potter and the Deathly Hallows: Part II	Oct 31, 2011	-	$10,118	-68%	-32%	163	$62	$380,717,822	109
tt1201607	Harry Potter and the Deathly Hallows: Part II	Nov 1, 2011	-	$10,828	0.07	-33%	163	$66	$380,728,650	110
tt1201607	Harry Potter and the Deathly Hallows: Part II	Nov 2, 2011	-	$11,020	2%	-30%	163	$68	$380,739,670	111
tt1201607	Harry Potter and the Deathly Hallows: Part II	Nov 3, 2011	-	$13,595	23%	-26%	163	$83	$380,753,265	112
tt1201607	Harry Potter and the Deathly Hallows: Part II	Nov 4, 2011	-	$22,064	0.62	-27%	225	$98	$380,775,329	113
tt1201607	Harry Potter and the Deathly Hallows: Part II	Nov 5, 2011	-	$63,874	1.89	30%	225	$284	$380,839,203	114
tt1201607	Harry Potter and the Deathly Hallows: Part II	Nov 6, 2011	-	$33,817	-47%	7%	225	$150	$380,873,020	115
tt1201607	Harry Potter and the Deathly Hallows: Part II	Nov 7, 2011	-	$6,022	-82%	-40%	225	$27	$380,879,042	116
tt1201607	Harry Potter and the Deathly Hallows: Part II	Nov 8, 2011	-	$6,686	11%	-38%	225	$30	$380,885,728	117
tt1201607	Harry Potter and the Deathly Hallows: Part II	Nov 9, 2011	-	$6,418	-4%	-42%	225	$29	$380,892,146	118
tt1201607	Harry Potter and the Deathly Hallows: Part II	Nov 10, 2011	-	$9,675	51%	-29%	225	$43	$380,901,821	119
tt1201607	Harry Potter and the Deathly Hallows: Part II	Nov 11, 2011	-	$17,583	0.82	-20%	85	$207	$380,919,404	120
tt1201607	Harry Potter and the Deathly Hallows: Part II	Nov 12, 2011	-	$20,337	0.16	-68%	85	$239	$380,939,741	121
tt1201607	Harry Potter and the Deathly Hallows: Part II	Nov 13, 2011	-	$15,878	-22%	-53%	85	$187	$380,955,619	122
tt1201607	Harry Potter and the Deathly Hallows: Part II	Nov 14, 2011	-	$5,288	-67%	-12%	85	$62	$380,960,907	123
tt1201607	Harry Potter and the Deathly Hallows: Part II	Nov 15, 2011	-	$5,393	0.02	-19%	85	$63	$380,966,300	124
tt1201607	Harry Potter and the Deathly Hallows: Part II	Nov 16, 2011	-	$5,555	0.03	-13%	85	$65	$380,971,855	125
tt1201607	Harry Potter and the Deathly Hallows: Part II	Nov 17, 2011	-	$2,907	-48%	-70%	85	$34	$380,974,762	126
tt1201607	Harry Potter and the Deathly Hallows: Part II	Nov 18, 2011	-	$7,653	1.63	-56%	78	$98	$380,982,415	127
tt1201607	Harry Potter and the Deathly Hallows: Part II	Nov 19, 2011	-	$10,337	0.35	-49%	78	$133	$380,992,752	128
tt1201607	Harry Potter and the Deathly Hallows: Part II	Nov 20, 2011	-	$7,433	-28%	-53%	78	$95	$381,000,185	129
tt1201607	Harry Potter and the Deathly Hallows: Part II	Nov 21, 2011	-	$3,293	-56%	-38%	78	$42	$381,003,478	130
tt1201607	Harry Potter and the Deathly Hallows: Part II	Nov 22, 2011	-	$4,044	0.23	-25%	78	$52	$381,007,522	131
tt1201607	Harry Potter and the Deathly Hallows: Part II	Nov 23, 2011	-	$2,003	-50%	-64%	78	$26	$381,009,525	132
tt1201607	Harry Potter and the Deathly Hallows: Part II	Nov 24, 2011	-	$1,694	-15%	-42%	78	$22	$381,011,219	133