tconst	title	Date	Rank	Gross	%YD	%LW	Theaters	Per Theater	Total Gross	Days
tt2488496	Star Wars: Episode VII - The Force Awakens	Dec 17, 2015	P	$57,000,000			0		$57,000,000	0
tt2488496	Star Wars: Episode VII - The Force Awakens	Dec 18, 2015	1	$119,119,282			4,134	$28,815	$119,119,282	1
tt2488496	Star Wars: Episode VII - The Force Awakens	Dec 19, 2015	1	$68,294,204	-43%		4,134	$16,520	$187,413,486	2
tt2488496	Star Wars: Episode VII - The Force Awakens	Dec 20, 2015	1	$60,553,189	-11%		4,134	$14,648	$247,966,675	3
tt2488496	Star Wars: Episode VII - The Force Awakens	Dec 21, 2015	1	$40,109,742	-34%		4,134	$9,702	$288,076,417	4
tt2488496	Star Wars: Episode VII - The Force Awakens	Dec 22, 2015	1	$37,361,729	-7%		4,134	$9,038	$325,438,146	5
tt2488496	Star Wars: Episode VII - The Force Awakens	Dec 23, 2015	1	$38,022,183	0.02		4,134	$9,197	$363,460,329	6
tt2488496	Star Wars: Episode VII - The Force Awakens	Dec 24, 2015	1	$27,395,725	-28%		4,134	$6,627	$390,856,054	7
tt2488496	Star Wars: Episode VII - The Force Awakens	Dec 25, 2015	1	$49,325,663	0.8	-59%	4,134	$11,932	$440,181,717	8
tt2488496	Star Wars: Episode VII - The Force Awakens	Dec 26, 2015	1	$56,731,532	0.15	-17%	4,134	$13,723	$496,913,249	9
tt2488496	Star Wars: Episode VII - The Force Awakens	Dec 27, 2015	1	$43,145,665	-24%	-29%	4,134	$10,437	$540,058,914	10
tt2488496	Star Wars: Episode VII - The Force Awakens	Dec 28, 2015	1	$31,362,029	-27%	-22%	4,134	$7,586	$571,420,943	11
tt2488496	Star Wars: Episode VII - The Force Awakens	Dec 29, 2015	1	$29,528,583	-6%	-21%	4,134	$7,143	$600,949,526	12
tt2488496	Star Wars: Episode VII - The Force Awakens	Dec 30, 2015	1	$28,085,057	-5%	-26%	4,134	$6,794	$629,034,583	13
tt2488496	Star Wars: Episode VII - The Force Awakens	Dec 31, 2015	1	$22,932,686	-18%	-16%	4,134	$5,547	$651,967,269	14
tt2488496	Star Wars: Episode VII - The Force Awakens	Jan 1, 2016	1	$34,394,152	0.5	-30%	4,134	$8,320	$686,361,421	15
tt2488496	Star Wars: Episode VII - The Force Awakens	Jan 2, 2016	1	$34,368,250	n/c	-39%	4,134	$8,314	$720,729,671	16
tt2488496	Star Wars: Episode VII - The Force Awakens	Jan 3, 2016	1	$21,479,271	-38%	-50%	4,134	$5,196	$742,208,942	17
tt2488496	Star Wars: Episode VII - The Force Awakens	Jan 4, 2016	1	$8,021,882	-63%	-74%	4,134	$1,940	$750,230,824	18
tt2488496	Star Wars: Episode VII - The Force Awakens	Jan 5, 2016	1	$7,967,428	-1%	-73%	4,134	$1,927	$758,198,252	19
tt2488496	Star Wars: Episode VII - The Force Awakens	Jan 6, 2016	1	$6,210,432	-22%	-78%	4,134	$1,502	$764,408,684	20
tt2488496	Star Wars: Episode VII - The Force Awakens	Jan 7, 2016	1	$5,972,359	-4%	-74%	4,134	$1,445	$770,381,043	21
tt2488496	Star Wars: Episode VII - The Force Awakens	Jan 8, 2016	2	$10,744,380	0.8	-69%	4,134	$2,599	$781,125,423	22
tt2488496	Star Wars: Episode VII - The Force Awakens	Jan 9, 2016	1	$19,204,072	0.79	-44%	4,134	$4,645	$800,329,495	23
tt2488496	Star Wars: Episode VII - The Force Awakens	Jan 10, 2016	1	$12,405,333	-35%	-42%	4,134	$3,001	$812,734,828	24
tt2488496	Star Wars: Episode VII - The Force Awakens	Jan 11, 2016	2	$3,108,701	-75%	-61%	4,134	$752	$815,843,529	25
tt2488496	Star Wars: Episode VII - The Force Awakens	Jan 12, 2016	2	$3,844,408	0.24	-52%	4,134	$930	$819,687,937	26
tt2488496	Star Wars: Episode VII - The Force Awakens	Jan 13, 2016	2	$3,114,937	-19%	-50%	4,134	$753	$822,802,874	27
tt2488496	Star Wars: Episode VII - The Force Awakens	Jan 14, 2016	2	$3,129,967	n/c	-48%	4,134	$757	$825,932,841	28
tt2488496	Star Wars: Episode VII - The Force Awakens	Jan 15, 2016	3	$6,328,954	1.02	-41%	3,822	$1,656	$832,261,795	29
tt2488496	Star Wars: Episode VII - The Force Awakens	Jan 16, 2016	3	$11,028,514	0.74	-43%	3,822	$2,886	$843,290,309	30
tt2488496	Star Wars: Episode VII - The Force Awakens	Jan 17, 2016	3	$8,984,649	-19%	-28%	3,822	$2,351	$852,274,958	31
tt2488496	Star Wars: Episode VII - The Force Awakens	Jan 18, 2016	1	$6,678,148	-26%	1.15	3,822	$1,747	$858,953,106	32
tt2488496	Star Wars: Episode VII - The Force Awakens	Jan 19, 2016	2	$2,380,910	-64%	-38%	3,822	$623	$861,334,016	33
tt2488496	Star Wars: Episode VII - The Force Awakens	Jan 20, 2016	2	$1,814,233	-24%	-42%	3,822	$475	$863,148,249	34
tt2488496	Star Wars: Episode VII - The Force Awakens	Jan 21, 2016	2	$1,884,097	0.04	-40%	3,822	$493	$865,032,346	35
tt2488496	Star Wars: Episode VII - The Force Awakens	Jan 22, 2016	5	$3,535,257	0.88	-44%	3,365	$1,051	$868,567,603	36
tt2488496	Star Wars: Episode VII - The Force Awakens	Jan 23, 2016	2	$6,814,652	0.93	-38%	3,365	$2,025	$875,382,255	37
tt2488496	Star Wars: Episode VII - The Force Awakens	Jan 24, 2016	1	$3,728,739	-45%	-58%	3,365	$1,108	$879,110,994	38
tt2488496	Star Wars: Episode VII - The Force Awakens	Jan 25, 2016	2	$1,295,742	-65%	-81%	3,365	$385	$880,406,736	39
tt2488496	Star Wars: Episode VII - The Force Awakens	Jan 26, 2016	2	$1,574,483	0.22	-34%	3,365	$468	$881,981,219	40
tt2488496	Star Wars: Episode VII - The Force Awakens	Jan 27, 2016	2	$1,324,479	-16%	-27%	3,365	$394	$883,305,698	41
tt2488496	Star Wars: Episode VII - The Force Awakens	Jan 28, 2016	2	$1,338,464	0.01	-29%	3,365	$398	$884,644,162	42
tt2488496	Star Wars: Episode VII - The Force Awakens	Jan 29, 2016	4	$2,468,701	0.84	-30%	2,556	$966	$887,112,863	43
tt2488496	Star Wars: Episode VII - The Force Awakens	Jan 30, 2016	3	$5,089,962	1.06	-25%	2,556	$1,991	$892,202,825	44
tt2488496	Star Wars: Episode VII - The Force Awakens	Jan 31, 2016	3	$3,558,021	-30%	-5%	2,556	$1,392	$895,760,846	45
tt2488496	Star Wars: Episode VII - The Force Awakens	Feb 1, 2016	3	$780,785	-78%	-40%	2,556	$305	$896,541,631	46
tt2488496	Star Wars: Episode VII - The Force Awakens	Feb 2, 2016	4	$927,503	0.19	-41%	2,556	$363	$897,469,134	47
tt2488496	Star Wars: Episode VII - The Force Awakens	Feb 3, 2016	3	$798,790	-14%	-40%	2,556	$313	$898,267,924	48
tt2488496	Star Wars: Episode VII - The Force Awakens	Feb 4, 2016	3	$803,545	0.01	-40%	2,556	$314	$899,071,469	49
tt2488496	Star Wars: Episode VII - The Force Awakens	Feb 5, 2016	6	$1,772,763	1.21	-28%	2,262	$784	$900,844,232	50
tt2488496	Star Wars: Episode VII - The Force Awakens	Feb 6, 2016	4	$3,769,739	1.13	-26%	2,262	$1,667	$904,613,971	51
tt2488496	Star Wars: Episode VII - The Force Awakens	Feb 7, 2016	3	$1,430,814	-62%	-60%	2,262	$633	$906,044,785	52
tt2488496	Star Wars: Episode VII - The Force Awakens	Feb 8, 2016	4	$678,633	-53%	-13%	2,262	$300	$906,723,418	53
tt2488496	Star Wars: Episode VII - The Force Awakens	Feb 9, 2016	4	$708,043	0.04	-24%	2,262	$313	$907,431,461	54
tt2488496	Star Wars: Episode VII - The Force Awakens	Feb 10, 2016	4	$628,195	-11%	-21%	2,262	$278	$908,059,656	55
tt2488496	Star Wars: Episode VII - The Force Awakens	Feb 11, 2016	3	$585,308	-7%	-27%	2,262	$259	$908,644,964	56
tt2488496	Star Wars: Episode VII - The Force Awakens	Feb 12, 2016	7	$1,188,588	1.03	-33%	1,810	$657	$909,833,552	57
tt2488496	Star Wars: Episode VII - The Force Awakens	Feb 13, 2016	7	$2,461,903	1.07	-35%	1,810	$1,360	$912,295,455	58
tt2488496	Star Wars: Episode VII - The Force Awakens	Feb 14, 2016	6	$2,508,785	0.02	0.75	1,810	$1,386	$914,804,240	59
tt2488496	Star Wars: Episode VII - The Force Awakens	Feb 15, 2016	5	$1,481,415	-41%	1.18	1,810	$818	$916,285,655	60
tt2488496	Star Wars: Episode VII - The Force Awakens	Feb 16, 2016	5	$575,323	-61%	-19%	1,810	$318	$916,860,978	61
tt2488496	Star Wars: Episode VII - The Force Awakens	Feb 17, 2016	5	$465,786	-19%	-26%	1,810	$257	$917,326,764	62
tt2488496	Star Wars: Episode VII - The Force Awakens	Feb 18, 2016	5	$479,531	0.03	-18%	1,810	$265	$917,806,295	63
tt2488496	Star Wars: Episode VII - The Force Awakens	Feb 19, 2016	9	$917,914	0.91	-23%	1,618	$567	$918,724,209	64
tt2488496	Star Wars: Episode VII - The Force Awakens	Feb 20, 2016	8	$1,777,894	0.94	-28%	1,618	$1,099	$920,502,103	65
tt2488496	Star Wars: Episode VII - The Force Awakens	Feb 21, 2016	8	$1,211,487	-32%	-52%	1,618	$749	$921,713,590	66
tt2488496	Star Wars: Episode VII - The Force Awakens	Feb 22, 2016	9	$296,878	-75%	-80%	1,618	$183	$922,010,468	67
tt2488496	Star Wars: Episode VII - The Force Awakens	Feb 23, 2016	9	$365,327	0.23	-37%	1,618	$226	$922,375,795	68
tt2488496	Star Wars: Episode VII - The Force Awakens	Feb 24, 2016	9	$316,654	-13%	-32%	1,618	$196	$922,692,449	69
tt2488496	Star Wars: Episode VII - The Force Awakens	Feb 25, 2016	9	$309,435	-2%	-35%	1,618	$191	$923,001,884	70
tt2488496	Star Wars: Episode VII - The Force Awakens	Feb 26, 2016	11	$671,519	1.17	-27%	1,433	$469	$923,673,403	71
tt2488496	Star Wars: Episode VII - The Force Awakens	Feb 27, 2016	11	$1,445,740	1.15	-19%	1,433	$1,009	$925,119,143	72
tt2488496	Star Wars: Episode VII - The Force Awakens	Feb 28, 2016	11	$869,180	-40%	-28%	1,248	$696	$925,988,323	73
tt2488496	Star Wars: Episode VII - The Force Awakens	Feb 29, 2016	11	$237,419	-73%	-20%	1,433	$166	$926,225,742	74
tt2488496	Star Wars: Episode VII - The Force Awakens	Mar 1, 2016	11	$282,460	0.19	-23%	1,433	$197	$926,508,202	75
tt2488496	Star Wars: Episode VII - The Force Awakens	Mar 2, 2016	11	$237,754	-16%	-25%	1,433	$166	$926,745,956	76
tt2488496	Star Wars: Episode VII - The Force Awakens	Mar 3, 2016	11	$231,559	-3%	-25%	1,433	$162	$926,977,515	77
tt2488496	Star Wars: Episode VII - The Force Awakens	Mar 4, 2016	15	$423,072	0.83	-37%	1,021	$414	$927,400,587	78
tt2488496	Star Wars: Episode VII - The Force Awakens	Mar 5, 2016	13	$864,129	1.04	-40%	1,021	$846	$928,264,716	79
tt2488496	Star Wars: Episode VII - The Force Awakens	Mar 6, 2016	12	$577,503	-33%	-34%	1,021	$566	$928,842,219	80
tt2488496	Star Wars: Episode VII - The Force Awakens	Mar 7, 2016	14	$153,120	-73%	-36%	1,021	$150	$928,995,339	81
tt2488496	Star Wars: Episode VII - The Force Awakens	Mar 8, 2016	15	$163,629	0.07	-42%	1,021	$160	$929,158,968	82
tt2488496	Star Wars: Episode VII - The Force Awakens	Mar 9, 2016	14	$146,770	-10%	-38%	1,021	$144	$929,305,738	83
tt2488496	Star Wars: Episode VII - The Force Awakens	Mar 10, 2016	13	$153,522	0.05	-34%	1,021	$150	$929,459,260	84
tt2488496	Star Wars: Episode VII - The Force Awakens	Mar 11, 2016	14	$309,461	1.02	-27%	760	$407	$929,768,721	85
tt2488496	Star Wars: Episode VII - The Force Awakens	Mar 12, 2016	14	$581,919	0.88	-33%	760	$766	$930,350,640	86
tt2488496	Star Wars: Episode VII - The Force Awakens	Mar 13, 2016	14	$406,372	-30%	-30%	760	$535	$930,757,012	87
tt2488496	Star Wars: Episode VII - The Force Awakens	Mar 14, 2016	14	$144,714	-64%	-5%	760	$190	$930,901,726	88
tt2488496	Star Wars: Episode VII - The Force Awakens	Mar 15, 2016	14	$166,095	0.15	0.02	760	$219	$931,067,821	89
tt2488496	Star Wars: Episode VII - The Force Awakens	Mar 16, 2016	14	$148,312	-11%	0.01	760	$195	$931,216,133	90
tt2488496	Star Wars: Episode VII - The Force Awakens	Mar 17, 2016	14	$142,054	-4%	-7%	760	$187	$931,358,187	91
tt2488496	Star Wars: Episode VII - The Force Awakens	Mar 18, 2016	-	$240,725	0.69	-22%	568	$424	$931,598,912	92
tt2488496	Star Wars: Episode VII - The Force Awakens	Mar 19, 2016	15	$428,104	0.78	-26%	568	$754	$932,027,016	93
tt2488496	Star Wars: Episode VII - The Force Awakens	Mar 20, 2016	15	$297,242	-31%	-27%	568	$523	$932,324,258	94
tt2488496	Star Wars: Episode VII - The Force Awakens	Mar 21, 2016	13	$123,856	-58%	-14%	568	$218	$932,448,114	95
tt2488496	Star Wars: Episode VII - The Force Awakens	Mar 22, 2016	15	$134,780	0.09	-19%	568	$237	$932,582,894	96
tt2488496	Star Wars: Episode VII - The Force Awakens	Mar 23, 2016	12	$133,075	-1%	-10%	568	$234	$932,715,969	97
tt2488496	Star Wars: Episode VII - The Force Awakens	Mar 24, 2016	9	$141,559	0.06	n/c	568	$249	$932,857,528	98
tt2488496	Star Wars: Episode VII - The Force Awakens	Mar 25, 2016	13	$287,489	1.03	0.19	552	$521	$933,145,017	99
tt2488496	Star Wars: Episode VII - The Force Awakens	Mar 26, 2016	12	$323,606	0.13	-24%	552	$586	$933,468,623	100
tt2488496	Star Wars: Episode VII - The Force Awakens	Mar 27, 2016	13	$205,389	-37%	-31%	552	$372	$933,674,012	101
tt2488496	Star Wars: Episode VII - The Force Awakens	Mar 28, 2016	10	$142,911	-30%	0.15	552	$259	$933,816,923	102
tt2488496	Star Wars: Episode VII - The Force Awakens	Mar 29, 2016	10	$129,437	-9%	-4%	552	$234	$933,946,360	103
tt2488496	Star Wars: Episode VII - The Force Awakens	Mar 30, 2016	10	$126,362	-2%	-5%	552	$229	$934,072,722	104
tt2488496	Star Wars: Episode VII - The Force Awakens	Mar 31, 2016	10	$143,797	0.14	0.02	552	$261	$934,216,519	105
tt2488496	Star Wars: Episode VII - The Force Awakens	Apr 1, 2016	13	$211,084	0.47	-27%	462	$457	$934,427,603	106
tt2488496	Star Wars: Episode VII - The Force Awakens	Apr 2, 2016	13	$303,186	0.44	-6%	462	$656	$934,730,789	107
tt2488496	Star Wars: Episode VII - The Force Awakens	Apr 3, 2016	13	$167,359	-45%	-19%	462	$362	$934,898,148	108
tt2488496	Star Wars: Episode VII - The Force Awakens	Apr 4, 2016	13	$56,853	-66%	-60%	462	$123	$934,955,001	109
tt2488496	Star Wars: Episode VII - The Force Awakens	Apr 5, 2016	13	$67,498	0.19	-48%	462	$146	$935,022,499	110
tt2488496	Star Wars: Episode VII - The Force Awakens	Apr 6, 2016	13	$58,258	-14%	-54%	462	$126	$935,080,757	111
tt2488496	Star Wars: Episode VII - The Force Awakens	Apr 7, 2016	13	$68,632	0.18	-52%	462	$149	$935,149,389	112
tt2488496	Star Wars: Episode VII - The Force Awakens	Apr 8, 2016	-	$105,483	0.54	-50%	346	$305	$935,254,872	113
tt2488496	Star Wars: Episode VII - The Force Awakens	Apr 9, 2016	-	$172,954	0.64	-43%	346	$500	$935,427,826	114
tt2488496	Star Wars: Episode VII - The Force Awakens	Apr 10, 2016	-	$100,486	-42%	-40%	346	$290	$935,528,312	115
tt2488496	Star Wars: Episode VII - The Force Awakens	Apr 11, 2016	-	$24,858	-75%	-56%	346	$72	$935,553,170	116
tt2488496	Star Wars: Episode VII - The Force Awakens	Apr 12, 2016	-	$32,087	0.29	-52%	346	$93	$935,585,257	117
tt2488496	Star Wars: Episode VII - The Force Awakens	Apr 13, 2016	-	$24,877	-22%	-57%	346	$72	$935,610,134	118
tt2488496	Star Wars: Episode VII - The Force Awakens	Apr 14, 2016	-	$32,555	0.31	-53%	346	$94	$935,642,689	119